-- phpMyAdmin SQL Dump
-- version 5.0.4
-- https://www.phpmyadmin.net/
--
-- Host: 127.0.0.1
-- Generation Time: Apr 04, 2021 at 06:30 AM
-- Server version: 10.4.17-MariaDB
-- PHP Version: 8.0.2

SET SQL_MODE = "NO_AUTO_VALUE_ON_ZERO";
START TRANSACTION;
SET time_zone = "+00:00";


/*!40101 SET @OLD_CHARACTER_SET_CLIENT=@@CHARACTER_SET_CLIENT */;
/*!40101 SET @OLD_CHARACTER_SET_RESULTS=@@CHARACTER_SET_RESULTS */;
/*!40101 SET @OLD_COLLATION_CONNECTION=@@COLLATION_CONNECTION */;
/*!40101 SET NAMES utf8mb4 */;

--
-- Database: `movies`
--

-- --------------------------------------------------------

--
-- Table structure for table `actors`
--

CREATE TABLE `actors` (
  `id` varchar(100) NOT NULL,
  `name` varchar(50) DEFAULT NULL
) ENGINE=InnoDB DEFAULT CHARSET=utf8mb4;

--
-- Dumping data for table `actors`
--

INSERT INTO `actors` (`id`, `name`) VALUES
('nm0000086', 'Louis de Funès'),
('nm0000115', 'Nicolas Cage'),
('nm0000138', 'Leonardo DiCaprio'),
('nm0000151', 'Morgan Freeman'),
('nm0000158', 'Tom Hanks'),
('nm0000190', 'Matthew McConaughey'),
('nm0000198', 'Gary Oldman'),
('nm0000242', 'Mark Wahlberg'),
('nm0000276', 'Sean Astin'),
('nm0000288', 'Christian Bale'),
('nm0000293', 'Sean Bean'),
('nm0000297', 'Tom Berenger'),
('nm0000307', 'Helena Bonham Carter'),
('nm0000323', 'Michael Caine'),
('nm0000373', 'Michael Dorn'),
('nm0000398', 'Sally Field'),
('nm0000409', 'Brendan Fraser'),
('nm0000453', 'Ian Holm'),
('nm0000489', 'Christopher Lee'),
('nm0000553', 'Liam Neeson'),
('nm0000592', 'Pete Postlethwaite'),
('nm0000610', 'Giovanni Ribisi'),
('nm0000616', 'Eric Roberts'),
('nm0000619', 'Tim Roth'),
('nm0000643', 'Tom Skerritt'),
('nm0000705', 'Robin Wright'),
('nm0000949', 'Cate Blanchett'),
('nm0000995', 'Ellen Burstyn'),
('nm0001137', 'William Devane'),
('nm0001173', 'Aaron Eckhart'),
('nm0001305', 'Lukas Haas'),
('nm0001309', 'Anthony Michael Hall'),
('nm0001314', 'John Hannah'),
('nm0001434', 'Kris Kristofferson'),
('nm0001467', 'Jared Leto'),
('nm0001475', 'John Lithgow'),
('nm0001567', 'Connie Nielsen'),
('nm0001725', 'Omar Sharif'),
('nm0001772', 'Patrick Stewart'),
('nm0001831', 'David Warner'),
('nm0001838', 'Rachel Weisz'),
('nm0002253', 'John Carroll Lynch'),
('nm0003817', 'Michael Clarke Duncan'),
('nm0004266', 'Anne Hathaway'),
('nm0004741', 'Camilla Belle'),
('nm0004747', 'Wes Bentley'),
('nm0004778', 'Adrien Brody'),
('nm0004801', 'Nestor Carbonell'),
('nm0004912', 'Oded Fehr'),
('nm0004988', 'Colin Hanks'),
('nm0005109', 'Mila Kunis'),
('nm0005132', 'Heath Ledger'),
('nm0005256', 'Bridget Moynahan'),
('nm0005535', 'Estella Warren'),
('nm0027402', 'Sam Anderson'),
('nm0032370', 'Noel Appleby'),
('nm0038160', 'Jack Ary'),
('nm0040012', 'Ali Astin'),
('nm0040058', 'David Aston'),
('nm0042805', 'Erick Avari'),
('nm0045324', 'John Bach'),
('nm0050959', 'Pedro Pascal'),
('nm0068260', 'Jamie Bell'),
('nm0085312', 'Jack Black'),
('nm0089217', 'Orlando Bloom'),
('nm0093635', 'Jean-Marie Bon'),
('nm0095960', 'Andrew Borba'),
('nm0100186', 'Bourvil'),
('nm0101710', 'Billy Boyd'),
('nm0112397', 'Geraldine Brophy'),
('nm0115143', 'Alistair Browning'),
('nm0125627', 'Lando Buzzanca'),
('nm0133474', 'Ron Canada'),
('nm0150999', 'Lobo Chan'),
('nm0151419', 'Kyle Chandler'),
('nm0157774', 'Mona Hammond'),
('nm0182662', 'Ritchie Coster'),
('nm0182839', 'Marion Cotillard'),
('nm0183122', 'Oliver Cotton'),
('nm0190190', 'Jeremy Crutchley'),
('nm0190744', 'Marton Csokas'),
('nm0193295', 'Cliff Curtis'),
('nm0212939', 'Ron Dean'),
('nm0217740', 'Guy Delorme'),
('nm0229084', 'Omid Djalili'),
('nm0229930', 'Peter Dobson'),
('nm0238438', 'Jean Droze'),
('nm0242295', 'Stephen Dunham'),
('nm0248063', 'Lucas Elliot Eberl'),
('nm0254760', 'Chris Ellis'),
('nm0264256', 'Jacques Eyser'),
('nm0266441', 'Siobhan Fallon Hogan'),
('nm0272527', 'Mark Ferguson'),
('nm0274947', 'Jacques Ferrière'),
('nm0288882', 'Bernard Fox'),
('nm0316079', 'Paul Giamatti'),
('nm0330687', 'Joseph Gordon-Levitt'),
('nm0343766', 'Guy Grosso'),
('nm0350454', 'Maggie Gyllenhaal'),
('nm0350768', 'Henri Génès'),
('nm0352921', 'Mark Hadlow'),
('nm0355440', 'Craig Hall'),
('nm0362766', 'Tom Hardy'),
('nm0381041', 'Harold G. Herthum'),
('nm0384060', 'Bernard Hill'),
('nm0397102', 'Alan Howard'),
('nm0402011', 'Michael Conner Humphreys'),
('nm0404993', 'Jonathan Hyde'),
('nm0409691', 'Aharon Ipalé'),
('nm0410347', 'Bill Irwin'),
('nm0424592', 'William Johnson'),
('nm0424819', 'Corey Johnson'),
('nm0429207', 'Sam J. Jones'),
('nm0434879', 'Marco Khan'),
('nm0446404', 'George Kelly'),
('nm0470981', 'Thomas Kretschmann'),
('nm0532235', 'Seth MacFarlane'),
('nm0538692', 'Lawrence Makoare'),
('nm0565133', 'Francis X. McCarthy'),
('nm0570364', 'Joel McHale'),
('nm0583183', 'Jean Meyer'),
('nm0595317', 'Michel Modo'),
('nm0602071', 'Margo Moorer'),
('nm0614165', 'Cillian Murphy'),
('nm0640413', 'Kevin J. O\'Connor'),
('nm0654648', 'David Oyelowo'),
('nm0661992', 'Evan Parke'),
('nm0672225', 'Bob Penny'),
('nm0680983', 'Elliot Page'),
('nm0709615', 'John Randall'),
('nm0780410', 'Christine Seabrook'),
('nm0785227', 'Andy Serkis'),
('nm0787187', 'Glenn Shadix'),
('nm0791467', 'Freda Foh Shen'),
('nm0795856', 'David Shumbris'),
('nm0805476', 'John Slattery'),
('nm0810488', 'Bill Smitrovich'),
('nm0838605', 'John Sumner'),
('nm0846480', 'Cary-Hiroyuki Tagawa'),
('nm0854295', 'Ione M. Telech'),
('nm0892383', 'Patricia Velasquez'),
('nm0892891', 'Venantino Venantini'),
('nm0896823', 'Joel Virgel'),
('nm0899403', 'Henri Virlojeux'),
('nm0903677', 'Arnold Vosloo'),
('nm0906756', 'Amr Waked'),
('nm0909768', 'Matt Walsh'),
('nm0911320', 'Patrick Warburton'),
('nm0913822', 'Ken Watanabe'),
('nm0914424', 'Tuc Watkins'),
('nm0915208', 'Naomi Watts'),
('nm0931508', 'Rebecca Williams'),
('nm0941621', 'John Worsham'),
('nm0950515', 'Kelvin Yu'),
('nm1010931', 'Monique Gabriela Curnen'),
('nm1019674', 'Sala Baker'),
('nm1086543', 'Amanda Seyfried'),
('nm1096480', 'Michael Elsworth'),
('nm1099079', 'Jean-Pierre Nshanian'),
('nm1104283', 'Megan Edwards'),
('nm1119340', 'Kristoffer Polaha'),
('nm1274797', 'Jessica Barth'),
('nm1289528', 'Norah Jones'),
('nm1325419', 'Kristen Wiig'),
('nm1356769', 'Shake Tukhmanyan'),
('nm1408543', 'David Gyasi'),
('nm1462341', 'Affif Ben Badra'),
('nm1480092', 'Sadwyn Brophy'),
('nm1480102', 'Richard Edge'),
('nm1480106', 'Jason Fitch'),
('nm1517976', 'Chris Pine'),
('nm1545942', 'Jared Burke'),
('nm1556819', 'Kristian Beazley'),
('nm1588880', 'Mo Zinal'),
('nm1711829', 'Steven Strait'),
('nm1977856', 'Chin Han'),
('nm1997983', 'Kobus Marx'),
('nm1999818', 'Jasper Lenz'),
('nm2001258', 'Eric Uys'),
('nm2001606', 'Stephan De Abreu'),
('nm2003521', 'Stewart Morgan'),
('nm2072060', 'Cocoa Brown'),
('nm2180792', 'Collette Wolfe'),
('nm2181128', 'Joel Fry'),
('nm2201022', 'Reece Ritchie'),
('nm2201027', 'Ravi Patel'),
('nm2223162', 'Nathanael Baring'),
('nm2438307', 'Dileep Rao'),
('nm2474687', 'Stephen Gregor'),
('nm2581730', 'Tai-Li Lee'),
('nm2933757', 'Gal Gadot'),
('nm2937513', 'Junior Oliphant'),
('nm2938024', 'Louise Tu\'u'),
('nm3069009', 'Aedin Mincks'),
('nm3154303', 'Timothée Chalamet'),
('nm3237775', 'Mackenzie Foy'),
('nm3538539', 'Gabriella Wilde'),
('nm3637500', 'Claire Geare'),
('nm3960408', 'Magnus Nolan'),
('nm4806165', 'Bretton Manley'),
('nm5625020', 'Natasha Rothwell'),
('nm8412222', 'Lilly Aspell'),
('nm8598537', 'Lucian Perez');

-- --------------------------------------------------------

--
-- Table structure for table `movie`
--

CREATE TABLE `movie` (
  `link` varchar(50) NOT NULL,
  `title` varchar(50) DEFAULT NULL,
  `date` year(4) DEFAULT NULL,
  `image` varchar(256) DEFAULT NULL,
  `rating` float DEFAULT NULL,
  `note` int(2) DEFAULT NULL,
  `comment` longtext DEFAULT NULL
) ENGINE=InnoDB DEFAULT CHARSET=utf8mb4;

--
-- Dumping data for table `movie`
--

INSERT INTO `movie` (`link`, `title`, `date`, `image`, `rating`, `note`, `comment`) VALUES
('tt0057967', 'Le corniaud', 1965, 'https://m.media-amazon.com/images/M/MV5BNTQ5NWU1NzQtYzFjNC00NjA1LTljODgtOGY4NDQxNWEwNzQyXkEyXkFqcGdeQXVyMjQzMzQzODY@._V1_.jpg', 7.4, 9, 'Un bon de funes de temps en temps c\'est parfait'),
('tt0109830', 'Forrest Gump', 1994, 'https://m.media-amazon.com/images/M/MV5BNWIwODRlZTUtY2U3ZS00Yzg1LWJhNzYtMmZiYmEyNmU1NjMzXkEyXkFqcGdeQXVyMTQxNzMzNDI@._V1_.jpg', 8.8, 9, 'Perfetto !'),
('tt0120616', 'The Mummy', 1999, 'https://m.media-amazon.com/images/M/MV5BOTJiYjBhZDgtMjhiOC00MTIzLThlNGMtMmI1NjIwM2M3YTI5XkEyXkFqcGdeQXVyMTQxNzMzNDI@._V1_.jpg', 7, 9, 'First always the best'),
('tt0120737', 'The Lord of the Rings: The Fellowship of the Ring', 2001, 'https://m.media-amazon.com/images/M/MV5BN2EyZjM3NzUtNWUzMi00MTgxLWI0NTctMzY4M2VlOTdjZWRiXkEyXkFqcGdeQXVyNDUzOTQ5MjY@._V1_.jpg', 8.8, 10, 'So cool'),
('tt0133152', 'Planet of the Apes', 2001, 'https://m.media-amazon.com/images/M/MV5BY2RlMDhlY2MtMjQ1Zi00NzI5LTgxOTgtZjliNWMzYTY3NWZkL2ltYWdlL2ltYWdlXkEyXkFqcGdeQXVyMTQxNzMzNDI@._V1_.jpg', 5.7, 7, 'Good Movie'),
('tt0167260', 'The Lord of the Rings: The Return of the King', 2003, 'https://m.media-amazon.com/images/M/MV5BNzA5ZDNlZWMtM2NhNS00NDJjLTk4NDItYTRmY2EwMWZlMTY3XkEyXkFqcGdeQXVyNzkwMjQ5NzM@._V1_.jpg', 8.9, 10, 'I can watch it 100x'),
('tt0360717', 'King Kong', 2005, 'https://m.media-amazon.com/images/M/MV5BMjYxYmRlZWYtMzAwNC00MDA1LWJjNTItOTBjMzlhNGMzYzk3XkEyXkFqcGdeQXVyMTQxNzMzNDI@._V1_.jpg', 7.2, 9, 'This is the real King Kong'),
('tt0399295', 'Lord of War', 2005, 'https://m.media-amazon.com/images/M/MV5BMTYzZWE3MDAtZjZkMi00MzhlLTlhZDUtNmI2Zjg3OWVlZWI0XkEyXkFqcGdeQXVyNDk3NzU2MTQ@._V1_.jpg', 7.6, 9, 'Really good movie'),
('tt0443649', '10,000 BC', 2008, 'https://m.media-amazon.com/images/M/MV5BMzc2NDMzNDY4Ml5BMl5BanBnXkFtZTYwNzM2Njk3._V1_.jpg', 5.1, 6, ''),
('tt0468569', 'The Dark Knight', 2008, 'https://m.media-amazon.com/images/M/MV5BMTMxNTMwODM0NF5BMl5BanBnXkFtZTcwODAyMTk2Mw@@._V1_.jpg', 9, 10, 'I love it'),
('tt0816692', 'Interstellar', 2014, 'https://m.media-amazon.com/images/M/MV5BZjdkOTU3MDktN2IxOS00OGEyLWFmMjktY2FiMmZkNWIyODZiXkEyXkFqcGdeQXVyMTMxODk2OTU@._V1_.jpg', 8.6, 10, 'One of my preferred'),
('tt1375666', 'Inception', 2010, 'https://m.media-amazon.com/images/M/MV5BMjAxMzY3NjcxNF5BMl5BanBnXkFtZTcwNTI5OTM0Mw@@._V1_.jpg', 8.8, 9, 'Excellent to burn your head'),
('tt1637725', 'Ted', 2012, 'https://m.media-amazon.com/images/M/MV5BMTQ1OTU0ODcxMV5BMl5BanBnXkFtZTcwOTMxNTUwOA@@._V1_.jpg', 6.9, 9, 'Good movie to laughs'),
('tt2637276', 'Ted 2', 2015, 'https://m.media-amazon.com/images/M/MV5BMjEwMDg3MDk1NF5BMl5BanBnXkFtZTgwNjYyODA1NTE@._V1_.jpg', 6.3, 8, 'The first was better but this one is good also'),
('tt7126948', 'Wonder Woman 1984', 2020, 'https://m.media-amazon.com/images/M/MV5BYTlhNzJjYzYtNGU3My00ZDI5LTgzZDUtYzllYjU1ZmU0YTgwXkEyXkFqcGdeQXVyMjQwMDg0Ng@@._V1_.jpg', 5.4, 1, 'Horrible');

-- --------------------------------------------------------

--
-- Table structure for table `role`
--

CREATE TABLE `role` (
  `id_role` varchar(50) NOT NULL,
  `role` varchar(50) DEFAULT NULL,
  `link` varchar(50) NOT NULL,
  `id` varchar(50) NOT NULL
) ENGINE=InnoDB DEFAULT CHARSET=utf8mb4;

--
-- Dumping data for table `role`
--

INSERT INTO `role` (`id_role`, `role`, `link`, `id`) VALUES
('tt0057967nm0000086', 'Léopold Saroyan', 'tt0057967', 'nm0000086'),
('tt0057967nm0038160', 'Le douanier-chef', 'tt0057967', 'nm0038160'),
('tt0057967nm0093635', 'Le garagiste à Rome', 'tt0057967', 'nm0093635'),
('tt0057967nm0100186', 'Antoine Maréchal', 'tt0057967', 'nm0100186'),
('tt0057967nm0125627', 'Lino', 'tt0057967', 'nm0125627'),
('tt0057967nm0217740', 'Luigi - un homme de Mickey', 'tt0057967', 'nm0217740'),
('tt0057967nm0238438', 'Un homme de Saroyan', 'tt0057967', 'nm0238438'),
('tt0057967nm0264256', 'Un complice de Saroyan', 'tt0057967', 'nm0264256'),
('tt0057967nm0274947', 'Un homme de Saroyan', 'tt0057967', 'nm0274947'),
('tt0057967nm0343766', 'Un douanier', 'tt0057967', 'nm0343766'),
('tt0057967nm0350768', 'Martial', 'tt0057967', 'nm0350768'),
('tt0057967nm0583183', 'Un complice de Saroyan', 'tt0057967', 'nm0583183'),
('tt0057967nm0595317', 'Un douanier', 'tt0057967', 'nm0595317'),
('tt0057967nm0892891', 'Mickey dit le bègue ou la souris', 'tt0057967', 'nm0892891'),
('tt0057967nm0899403', 'Un complice de Saroyan', 'tt0057967', 'nm0899403'),
('tt0109830nm0000158', 'Forrest Gump', 'tt0109830', 'nm0000158'),
('tt0109830nm0000398', 'Mrs. Gump', 'tt0109830', 'nm0000398'),
('tt0109830nm0027402', 'Principal', 'tt0109830', 'nm0027402'),
('tt0109830nm0229930', 'Landowner', 'tt0109830', 'nm0229930'),
('tt0109830nm0266441', 'Young Elvis Presley', 'tt0109830', 'nm0266441'),
('tt0109830nm0381041', 'Doctor', 'tt0109830', 'nm0381041'),
('tt0109830nm0402011', 'Young Forrest', 'tt0109830', 'nm0402011'),
('tt0109830nm0446404', 'Barber', 'tt0109830', 'nm0446404'),
('tt0109830nm0602071', 'Louise', 'tt0109830', 'nm0602071'),
('tt0109830nm0672225', 'Crony', 'tt0109830', 'nm0672225'),
('tt0109830nm0709615', 'Crony', 'tt0109830', 'nm0709615'),
('tt0109830nm0780410', 'Elderly Woman\'s Daughter', 'tt0109830', 'nm0780410'),
('tt0109830nm0854295', 'Elderly Woman', 'tt0109830', 'nm0854295'),
('tt0109830nm0931508', 'Nurse at Park Bench', 'tt0109830', 'nm0931508'),
('tt0109830nm0941621', 'Southern Gentleman', 'tt0109830', 'nm0941621'),
('tt0120616nm0000409', 'Rick O\'Connell', 'tt0120616', 'nm0000409'),
('tt0120616nm0001314', 'Jonathan Carnahan', 'tt0120616', 'nm0001314'),
('tt0120616nm0001838', 'Evelyn Carnahan', 'tt0120616', 'nm0001838'),
('tt0120616nm0004912', 'Ardeth Bay', 'tt0120616', 'nm0004912'),
('tt0120616nm0042805', 'Dr. Terrence Bey', 'tt0120616', 'nm0042805'),
('tt0120616nm0229084', 'Warden Gad Hassan', 'tt0120616', 'nm0229084'),
('tt0120616nm0242295', 'Mr. Henderson', 'tt0120616', 'nm0242295'),
('tt0120616nm0288882', 'Captain Winston Havelock', 'tt0120616', 'nm0288882'),
('tt0120616nm0404993', 'Dr. Allen Chamberlain', 'tt0120616', 'nm0404993'),
('tt0120616nm0409691', 'Pharaoh Seti I', 'tt0120616', 'nm0409691'),
('tt0120616nm0424819', 'Mr. Daniels', 'tt0120616', 'nm0424819'),
('tt0120616nm0640413', 'Beni Gabor', 'tt0120616', 'nm0640413'),
('tt0120616nm0892383', 'Anck Su Namun', 'tt0120616', 'nm0892383'),
('tt0120616nm0903677', 'Imhotep', 'tt0120616', 'nm0903677'),
('tt0120616nm0914424', 'Mr. Burns', 'tt0120616', 'nm0914424'),
('tt0120737nm0000276', 'Sam', 'tt0120737', 'nm0000276'),
('tt0120737nm0000293', 'Boromir', 'tt0120737', 'nm0000293'),
('tt0120737nm0000453', 'Bilbo', 'tt0120737', 'nm0000453'),
('tt0120737nm0000489', 'Saruman', 'tt0120737', 'nm0000489'),
('tt0120737nm0000949', 'Galadriel', 'tt0120737', 'nm0000949'),
('tt0120737nm0032370', 'Everard Proudfoot', 'tt0120737', 'nm0032370'),
('tt0120737nm0089217', 'Legolas', 'tt0120737', 'nm0089217'),
('tt0120737nm0101710', 'Pippin', 'tt0120737', 'nm0101710'),
('tt0120737nm0190744', 'Celeborn', 'tt0120737', 'nm0190744'),
('tt0120737nm0272527', 'Gil-galad', 'tt0120737', 'nm0272527'),
('tt0120737nm0397102', 'Voice of the Ring', 'tt0120737', 'nm0397102'),
('tt0120737nm0538692', 'Lurtz', 'tt0120737', 'nm0538692'),
('tt0120737nm1019674', 'Sauron', 'tt0120737', 'nm1019674'),
('tt0120737nm1096480', 'Gondorian Archivist', 'tt0120737', 'nm1096480'),
('tt0120737nm1104283', 'Mrs. Proudfoot', 'tt0120737', 'nm1104283'),
('tt0133152nm0000242', 'Captain Leo Davidson', 'tt0133152', 'nm0000242'),
('tt0133152nm0000307', 'Ari', 'tt0133152', 'nm0000307'),
('tt0133152nm0000619', 'Thade', 'tt0133152', 'nm0000619'),
('tt0133152nm0001434', 'Karubi', 'tt0133152', 'nm0001434'),
('tt0133152nm0001831', 'Senator Sandar', 'tt0133152', 'nm0001831'),
('tt0133152nm0003817', 'Attar', 'tt0133152', 'nm0003817'),
('tt0133152nm0005535', 'Daena', 'tt0133152', 'nm0005535'),
('tt0133152nm0042805', 'Tival', 'tt0133152', 'nm0042805'),
('tt0133152nm0248063', 'Birn', 'tt0133152', 'nm0248063'),
('tt0133152nm0254760', 'Commander Karl Vasich', 'tt0133152', 'nm0254760'),
('tt0133152nm0316079', 'Limbo', 'tt0133152', 'nm0316079'),
('tt0133152nm0661992', 'Gunnar', 'tt0133152', 'nm0661992'),
('tt0133152nm0787187', 'Senator Nado', 'tt0133152', 'nm0787187'),
('tt0133152nm0791467', 'Bon', 'tt0133152', 'nm0791467'),
('tt0133152nm0846480', 'Krull', 'tt0133152', 'nm0846480'),
('tt0167260nm0000276', 'Sam', 'tt0167260', 'nm0000276'),
('tt0167260nm0000293', 'Boromir', 'tt0167260', 'nm0000293'),
('tt0167260nm0000949', 'Galadriel', 'tt0167260', 'nm0000949'),
('tt0167260nm0032370', 'Everard Proudfoot', 'tt0167260', 'nm0032370'),
('tt0167260nm0040012', 'Elanor Gamgee', 'tt0167260', 'nm0040012'),
('tt0167260nm0040058', 'Gondorian Soldier 3', 'tt0167260', 'nm0040058'),
('tt0167260nm0045324', 'Madril', 'tt0167260', 'nm0045324'),
('tt0167260nm0089217', 'Legolas', 'tt0167260', 'nm0089217'),
('tt0167260nm0101710', 'Pippin', 'tt0167260', 'nm0101710'),
('tt0167260nm0115143', 'Damrod', 'tt0167260', 'nm0115143'),
('tt0167260nm0190744', 'Celeborn', 'tt0167260', 'nm0190744'),
('tt0167260nm0384060', 'Theoden', 'tt0167260', 'nm0384060'),
('tt0167260nm1480092', 'Eldarion', 'tt0167260', 'nm1480092'),
('tt0167260nm1480102', 'Gondorian Soldier 1', 'tt0167260', 'nm1480102'),
('tt0167260nm1480106', 'Uruk 2', 'tt0167260', 'nm1480106'),
('tt0360717nm0004778', 'Jack Driscoll', 'tt0360717', 'nm0004778'),
('tt0360717nm0004988', 'Preston', 'tt0360717', 'nm0004988'),
('tt0360717nm0068260', 'Hayes', 'tt0360717', 'nm0068260'),
('tt0360717nm0085312', 'Carl Denham', 'tt0360717', 'nm0085312'),
('tt0360717nm0112397', 'Harry', 'tt0360717', 'nm0112397'),
('tt0360717nm0150999', 'Jimmy', 'tt0360717', 'nm0150999'),
('tt0360717nm0151419', 'Mike', 'tt0360717', 'nm0151419'),
('tt0360717nm0352921', 'Manny', 'tt0360717', 'nm0352921'),
('tt0360717nm0355440', 'Herb', 'tt0360717', 'nm0355440'),
('tt0360717nm0424592', 'Bruce Baxter', 'tt0360717', 'nm0424592'),
('tt0360717nm0470981', 'Captain Englehorn', 'tt0360717', 'nm0470981'),
('tt0360717nm0661992', 'Lumpy', 'tt0360717', 'nm0661992'),
('tt0360717nm0785227', 'Kong', 'tt0360717', 'nm0785227'),
('tt0360717nm0838605', 'Choy', 'tt0360717', 'nm0838605'),
('tt0360717nm0915208', 'Ann Darrow', 'tt0360717', 'nm0915208'),
('tt0399295nm0000115', 'Yuri Orlov', 'tt0399295', 'nm0000115'),
('tt0399295nm0000453', 'Simeon Weisz', 'tt0399295', 'nm0000453'),
('tt0399295nm0001467', 'Vitaly Orlov', 'tt0399295', 'nm0001467'),
('tt0399295nm0005256', 'Ava Fontaine', 'tt0399295', 'nm0005256'),
('tt0399295nm0190190', 'Arms Fair Salesman', 'tt0399295', 'nm0190190'),
('tt0399295nm0795856', 'Ukrainian Mobster', 'tt0399295', 'nm0795856'),
('tt0399295nm1099079', 'Anatoly Orlov', 'tt0399295', 'nm1099079'),
('tt0399295nm1356769', 'Irina Orlov', 'tt0399295', 'nm1356769'),
('tt0399295nm1545942', 'Ukrainian Mobster', 'tt0399295', 'nm1545942'),
('tt0399295nm1997983', 'Boris', 'tt0399295', 'nm1997983'),
('tt0399295nm1999818', 'Gregor', 'tt0399295', 'nm1999818'),
('tt0399295nm2001258', 'Ukrainian Mobster', 'tt0399295', 'nm2001258'),
('tt0399295nm2001606', 'Liev', 'tt0399295', 'nm2001606'),
('tt0399295nm2003521', 'Ukrainian Mobster', 'tt0399295', 'nm2003521'),
('tt0399295nm2474687', 'Eli Kurtzman', 'tt0399295', 'nm2474687'),
('tt0443649nm0001725', 'Narrator', 'tt0443649', 'nm0001725'),
('tt0443649nm0004741', 'Evolet', 'tt0443649', 'nm0004741'),
('tt0443649nm0157774', 'Old Mother', 'tt0443649', 'nm0157774'),
('tt0443649nm0193295', 'Tic\'Tic', 'tt0443649', 'nm0193295'),
('tt0443649nm0434879', 'One-Eye', 'tt0443649', 'nm0434879'),
('tt0443649nm0896823', 'Nakudu', 'tt0443649', 'nm0896823'),
('tt0443649nm1462341', 'Warlord', 'tt0443649', 'nm1462341'),
('tt0443649nm1556819', 'D\'Leh\'s Father', 'tt0443649', 'nm1556819'),
('tt0443649nm1588880', 'Ka\'Ren', 'tt0443649', 'nm1588880'),
('tt0443649nm1711829', 'D\'Leh', 'tt0443649', 'nm1711829'),
('tt0443649nm2181128', 'Lu\'kibu', 'tt0443649', 'nm2181128'),
('tt0443649nm2201022', 'Moha', 'tt0443649', 'nm2201022'),
('tt0443649nm2223162', 'Baku', 'tt0443649', 'nm2223162'),
('tt0443649nm2937513', 'Tudu', 'tt0443649', 'nm2937513'),
('tt0443649nm2938024', 'Baku\'s Mother', 'tt0443649', 'nm2938024'),
('tt0468569nm0000151', 'Lucius Fox', 'tt0468569', 'nm0000151'),
('tt0468569nm0000198', 'Gordon', 'tt0468569', 'nm0000198'),
('tt0468569nm0000288', 'Bruce Wayne', 'tt0468569', 'nm0000288'),
('tt0468569nm0000323', 'Alfred', 'tt0468569', 'nm0000323'),
('tt0468569nm0000616', 'Maroni', 'tt0468569', 'nm0000616'),
('tt0468569nm0001173', 'Harvey Dent', 'tt0468569', 'nm0001173'),
('tt0468569nm0001309', 'Mike Engel', 'tt0468569', 'nm0001309'),
('tt0468569nm0004801', 'Mayor', 'tt0468569', 'nm0004801'),
('tt0468569nm0005132', 'Joker', 'tt0468569', 'nm0005132'),
('tt0468569nm0182662', 'Chechen', 'tt0468569', 'nm0182662'),
('tt0468569nm0212939', 'Wuertz', 'tt0468569', 'nm0212939'),
('tt0468569nm0350454', 'Rachel', 'tt0468569', 'nm0350454'),
('tt0468569nm0614165', 'Scarecrow', 'tt0468569', 'nm0614165'),
('tt0468569nm1010931', 'Ramirez', 'tt0468569', 'nm1010931'),
('tt0468569nm1977856', 'Lau', 'tt0468569', 'nm1977856'),
('tt0816692nm0000190', 'Cooper', 'tt0816692', 'nm0000190'),
('tt0816692nm0000323', 'Professor Brand', 'tt0816692', 'nm0000323'),
('tt0816692nm0000995', 'Murph (Older)', 'tt0816692', 'nm0000995'),
('tt0816692nm0001137', 'Williams', 'tt0816692', 'nm0001137'),
('tt0816692nm0001475', 'Donald', 'tt0816692', 'nm0001475'),
('tt0816692nm0004266', 'Brand', 'tt0816692', 'nm0004266'),
('tt0816692nm0004747', 'Doyle', 'tt0816692', 'nm0004747'),
('tt0816692nm0095960', 'Smith', 'tt0816692', 'nm0095960'),
('tt0816692nm0410347', 'TARS', 'tt0816692', 'nm0410347'),
('tt0816692nm0565133', 'Boots', 'tt0816692', 'nm0565133'),
('tt0816692nm0654648', 'School Principal', 'tt0816692', 'nm0654648'),
('tt0816692nm1408543', 'Romilly', 'tt0816692', 'nm1408543'),
('tt0816692nm2180792', 'Ms. Hanley', 'tt0816692', 'nm2180792'),
('tt0816692nm3154303', 'Tom (15 Yrs.)', 'tt0816692', 'nm3154303'),
('tt0816692nm3237775', 'Murph (10 Yrs.)', 'tt0816692', 'nm3237775'),
('tt1375666nm0000138', 'Cobb', 'tt1375666', 'nm0000138'),
('tt1375666nm0000297', 'Browning', 'tt1375666', 'nm0000297'),
('tt1375666nm0000323', 'Miles', 'tt1375666', 'nm0000323'),
('tt1375666nm0000592', 'Maurice Fischer', 'tt1375666', 'nm0000592'),
('tt1375666nm0001305', 'Nash', 'tt1375666', 'nm0001305'),
('tt1375666nm0182839', 'Mal', 'tt1375666', 'nm0182839'),
('tt1375666nm0330687', 'Arthur', 'tt1375666', 'nm0330687'),
('tt1375666nm0362766', 'Eames', 'tt1375666', 'nm0362766'),
('tt1375666nm0614165', 'Robert Fischer', 'tt1375666', 'nm0614165'),
('tt1375666nm0680983', 'Ariadne', 'tt1375666', 'nm0680983'),
('tt1375666nm0913822', 'Saito', 'tt1375666', 'nm0913822'),
('tt1375666nm2438307', 'Yusuf', 'tt1375666', 'nm2438307'),
('tt1375666nm2581730', 'Tadashi', 'tt1375666', 'nm2581730'),
('tt1375666nm3637500', 'Phillipa (3 Years Old)', 'tt1375666', 'nm3637500'),
('tt1375666nm3960408', 'James (20 Months Old)', 'tt1375666', 'nm3960408'),
('tt1637725nm0000242', 'John Bennett', 'tt1637725', 'nm0000242'),
('tt1637725nm0000610', 'Donny', 'tt1637725', 'nm0000610'),
('tt1637725nm0000643', 'Tom Skerritt', 'tt1637725', 'nm0000643'),
('tt1637725nm0001772', 'Narrator', 'tt1637725', 'nm0001772'),
('tt1637725nm0005109', 'Lori Collins', 'tt1637725', 'nm0005109'),
('tt1637725nm0429207', 'Sam Jones', 'tt1637725', 'nm0429207'),
('tt1637725nm0532235', 'Ted', 'tt1637725', 'nm0532235'),
('tt1637725nm0570364', 'Rex', 'tt1637725', 'nm0570364'),
('tt1637725nm0810488', 'Frank', 'tt1637725', 'nm0810488'),
('tt1637725nm0909768', 'Thomas', 'tt1637725', 'nm0909768'),
('tt1637725nm0911320', 'Guy', 'tt1637725', 'nm0911320'),
('tt1637725nm1274797', 'Tami-Lynn', 'tt1637725', 'nm1274797'),
('tt1637725nm1289528', 'Norah Jones', 'tt1637725', 'nm1289528'),
('tt1637725nm3069009', 'Robert', 'tt1637725', 'nm3069009'),
('tt1637725nm4806165', 'Young John', 'tt1637725', 'nm4806165'),
('tt2637276nm0000151', 'Patrick Meighan', 'tt2637276', 'nm0000151'),
('tt2637276nm0000242', 'John', 'tt2637276', 'nm0000242'),
('tt2637276nm0000373', 'Rick', 'tt2637276', 'nm0000373'),
('tt2637276nm0000553', 'Customer', 'tt2637276', 'nm0000553'),
('tt2637276nm0000610', 'Donny', 'tt2637276', 'nm0000610'),
('tt2637276nm0002253', 'Tom Jessup', 'tt2637276', 'nm0002253'),
('tt2637276nm0133474', 'Judge', 'tt2637276', 'nm0133474'),
('tt2637276nm0429207', 'Self', 'tt2637276', 'nm0429207'),
('tt2637276nm0532235', 'Ted', 'tt2637276', 'nm0532235'),
('tt2637276nm0805476', 'Shep Wild', 'tt2637276', 'nm0805476'),
('tt2637276nm0810488', 'Frank', 'tt2637276', 'nm0810488'),
('tt2637276nm0911320', 'Guy', 'tt2637276', 'nm0911320'),
('tt2637276nm1086543', 'Samantha', 'tt2637276', 'nm1086543'),
('tt2637276nm1274797', 'Tami-Lynn', 'tt2637276', 'nm1274797'),
('tt2637276nm2072060', 'Joy', 'tt2637276', 'nm2072060'),
('tt7126948nm0000705', 'Antiope', 'tt7126948', 'nm0000705'),
('tt7126948nm0001567', 'Hippolyta', 'tt7126948', 'nm0001567'),
('tt7126948nm0050959', 'Maxwell Lord', 'tt7126948', 'nm0050959'),
('tt7126948nm0183122', 'Simon Stagg', 'tt7126948', 'nm0183122'),
('tt7126948nm0906756', 'Emir Said Bin Abydos', 'tt7126948', 'nm0906756'),
('tt7126948nm0950515', 'Jake', 'tt7126948', 'nm0950515'),
('tt7126948nm1119340', 'Handsome Man', 'tt7126948', 'nm1119340'),
('tt7126948nm1325419', 'Barbara Minerva', 'tt7126948', 'nm1325419'),
('tt7126948nm1517976', 'Steve Trevor', 'tt7126948', 'nm1517976'),
('tt7126948nm2201027', 'Babajide', 'tt7126948', 'nm2201027'),
('tt7126948nm2933757', 'Diana Prince', 'tt7126948', 'nm2933757'),
('tt7126948nm3538539', 'Raquel', 'tt7126948', 'nm3538539'),
('tt7126948nm5625020', 'Carol (Co-Worker)', 'tt7126948', 'nm5625020'),
('tt7126948nm8412222', 'Young Diana', 'tt7126948', 'nm8412222'),
('tt7126948nm8598537', 'Alistair', 'tt7126948', 'nm8598537');

--
-- Indexes for dumped tables
--

--
-- Indexes for table `actors`
--
ALTER TABLE `actors`
  ADD PRIMARY KEY (`id`);

--
-- Indexes for table `movie`
--
ALTER TABLE `movie`
  ADD PRIMARY KEY (`link`);

--
-- Indexes for table `role`
--
ALTER TABLE `role`
  ADD PRIMARY KEY (`id_role`),
  ADD KEY `link_movies` (`link`),
  ADD KEY `id_actors` (`id`);

--
-- Constraints for dumped tables
--

--
-- Constraints for table `role`
--
ALTER TABLE `role`
  ADD CONSTRAINT `id_actors` FOREIGN KEY (`id`) REFERENCES `actors` (`id`),
  ADD CONSTRAINT `link_movies` FOREIGN KEY (`link`) REFERENCES `movie` (`link`);
COMMIT;

/*!40101 SET CHARACTER_SET_CLIENT=@OLD_CHARACTER_SET_CLIENT */;
/*!40101 SET CHARACTER_SET_RESULTS=@OLD_CHARACTER_SET_RESULTS */;
/*!40101 SET COLLATION_CONNECTION=@OLD_COLLATION_CONNECTION */;
